{
    "ConditionalNeuralProcess": {
        "train": {
            "accuracy": 0.9851332524925897,
            "precision": 0.9735861912455512,
            "recall": 0.9668804246328354,
            "f1": 0.9702217212142541,
            "roc_auc": 0.9974764371022316,
            "pr_auc": 0.9909495280967904,
            "loss": 0.5576152485265429
        },
        "validate": {
            "accuracy": 0.9976770412287793,
            "precision": 0.24356775300171526,
            "recall": 0.9924731182795699,
            "f1": 0.39114312956881025,
            "roc_auc": 0.9990468206728036,
            "pr_auc": 0.37946293889698784,
            "loss": 0.5548363255520437
        },
        "best_model": {
            "best_score": 0.4035595288089356,
            "monitor": "pr_auc",
            "mode": "max",
            "epochs_ran": 36
        },
        "test": {
            "accuracy": 0.9977425222312045,
            "precision": 0.2557797674729387,
            "recall": 0.9917098445595854,
            "f1": 0.40667162434930415,
            "roc_auc": 0.9982061834189804,
            "pr_auc": 0.3780744551721894,
            "loss": 0.5547775547463982
        }
    }
}