{
    "HCTargetAttnNP": {
        "train": {
            "accuracy": 0.9993135273511183,
            "precision": 0.6040049039640376,
            "recall": 0.26374018558172735,
            "f1": 0.36715935908582786,
            "roc_auc": 0.9993825190769449,
            "pr_auc": 0.4979256006889083,
            "loss": 0.00039325863642371555
        },
        "validate": {
            "accuracy": 0.9993346806790623,
            "precision": 0.6641104294478528,
            "recall": 0.23279569892473118,
            "f1": 0.3447452229299363,
            "roc_auc": 0.9994057107894245,
            "pr_auc": 0.5063242318014273,
            "loss": 0.0004131194850080637
        },
        "best_model": {
            "best_score": 0.5495423848776116,
            "monitor": "pr_auc",
            "mode": "max",
            "epochs_ran": 45
        },
        "test": {
            "accuracy": 0.9993181083265966,
            "precision": 0.6773722627737226,
            "recall": 0.24041450777202072,
            "f1": 0.35487571701720844,
            "roc_auc": 0.9993841696846495,
            "pr_auc": 0.5261770930483265,
            "loss": 0.0004666585312454279
        }
    }
}